{
  "gpus": [
    {
      "pattern": "NVIDIA GEFORCE RTX 4090",
      "vendor": "NVIDIA",
      "tier": "ultra",
      "vram_min_gb": 24
    },
    {
      "pattern": "NVIDIA GEFORCE RTX 4080",
      "vendor": "NVIDIA",
      "tier": "ultra",
      "vram_min_gb": 16
    },
    {
      "pattern": "NVIDIA GEFORCE RTX 4070",
      "vendor": "NVIDIA",
      "tier": "high",
      "vram_min_gb": 12
    },
    {
      "pattern": "NVIDIA GEFORCE RTX 3090",
      "vendor": "NVIDIA",
      "tier": "ultra",
      "vram_min_gb": 24
    },
    {
      "pattern": "NVIDIA GEFORCE RTX 3080",
      "vendor": "NVIDIA",
      "tier": "high",
      "vram_min_gb": 10
    },
    {
      "pattern": "NVIDIA GEFORCE RTX 3070",
      "vendor": "NVIDIA",
      "tier": "high",
      "vram_min_gb": 8
    },
    {
      "pattern": "NVIDIA GEFORCE GTX 1080 TI",
      "vendor": "NVIDIA",
      "tier": "high",
      "vram_min_gb": 11
    },
    {
      "pattern": "NVIDIA GEFORCE GTX 1080",
      "vendor": "NVIDIA",
      "tier": "medium",
      "vram_min_gb": 8
    },
    {
      "pattern": "NVIDIA GEFORCE GTX 1060",
      "vendor": "NVIDIA",
      "tier": "medium",
      "vram_min_gb": 6
    },
    {
      "pattern": "NVIDIA GEFORCE GTX 1050",
      "vendor": "NVIDIA",
      "tier": "low",
      "vram_min_gb": 2
    },
    {
      "pattern": "AMD RADEON RX 7900",
      "vendor": "AMD",
      "tier": "ultra",
      "vram_min_gb": 20
    },
    {
      "pattern": "AMD RADEON RX 7800",
      "vendor": "AMD",
      "tier": "high",
      "vram_min_gb": 16
    },
    {
      "pattern": "AMD RADEON RX 7700",
      "vendor": "AMD",
      "tier": "high",
      "vram_min_gb": 12
    },
    {
      "pattern": "AMD RADEON RX 6900",
      "vendor": "AMD",
      "tier": "ultra",
      "vram_min_gb": 16
    },
    {
      "pattern": "AMD RADEON RX 6800",
      "vendor": "AMD",
      "tier": "high",
      "vram_min_gb": 16
    },
    {
      "pattern": "AMD RADEON RX 6700",
      "vendor": "AMD",
      "tier": "high",
      "vram_min_gb": 10
    },
    {
      "pattern": "AMD RADEON RX 6600",
      "vendor": "AMD",
      "tier": "medium",
      "vram_min_gb": 8
    },
    {
      "pattern": "AMD RADEON RX 580",
      "vendor": "AMD",
      "tier": "medium",
      "vram_min_gb": 8
    },
    {
      "pattern": "INTEL ARC A770",
      "vendor": "Intel",
      "tier": "high",
      "vram_min_gb": 16
    },
    {
      "pattern": "INTEL ARC A750",
      "vendor": "Intel",
      "tier": "medium",
      "vram_min_gb": 8
    },
    {
      "pattern": "INTEL UHD GRAPHICS",
      "vendor": "Intel",
      "tier": "low",
      "vram_min_gb": 1
    }
  ],
  "cpus": [
    {
      "pattern": "INTEL(R) CORE(TM) I9",
      "vendor": "Intel",
      "tier": "ultra",
      "cores_min": 16
    },
    {
      "pattern": "INTEL(R) CORE(TM) I7",
      "vendor": "Intel",
      "tier": "high",
      "cores_min": 12
    },
    {
      "pattern": "INTEL(R) CORE(TM) I5",
      "vendor": "Intel",
      "tier": "medium",
      "cores_min": 8
    },
    {
      "pattern": "AMD RYZEN 9",
      "vendor": "AMD",
      "tier": "ultra",
      "cores_min": 16
    },
    {
      "pattern": "AMD RYZEN 7",
      "vendor": "AMD",
      "tier": "high",
      "cores_min": 8
    },
    {
      "pattern": "AMD RYZEN 5",
      "vendor": "AMD",
      "tier": "medium",
      "cores_min": 6
    }
  ],
  "ram_rules": [
    {
      "ram_gb_min": 32,
      "tier_floor": "high"
    },
    {
      "ram_gb_min": 16,
      "tier_floor": "medium"
    },
    {
      "ram_gb_min": 8,
      "tier_floor": "low"
    }
  ],
  "monitors": [
    {
      "hz_min": 170,
      "fps_cap": 165
    },
    {
      "hz_min": 140,
      "fps_cap": 144
    },
    {
      "hz_min": 120,
      "fps_cap": 120
    },
    {
      "hz_min": 90,
      "fps_cap": 90
    },
    {
      "hz_min": 60,
      "fps_cap": 60
    }
  ],
  "game_profiles": {
    "Skyrim": {
      "ultra": "[Display]\riPresentInterval=0\r\nfMaxFramerate={FPS}.0000\r\n",
      "high": "[Display]\riPresentInterval=0\r\nfMaxFramerate={FPS}.0000\r\n",
      "medium": "[Display]\riPresentInterval=0\r\nfMaxFramerate={FPS}.0000\r\n",
      "low": "[Display]\riPresentInterval=1\r\nfMaxFramerate=60.0000\r\n"
    },
    "Fallout4": {
      "ultra": "[Display]\riPresentInterval=0\r\n[General]\riFPSClamp={FPS}\r\n",
      "high": "[Display]\riPresentInterval=0\r\n[General]\riFPSClamp={FPS}\r\n",
      "medium": "[Display]\riPresentInterval=0\r\n[General]\riFPSClamp={FPS}\r\n",
      "low": "[Display]\riPresentInterval=1\r\n[General]\riFPSClamp=60\r\n"
    },
    "Starfield": {
      "ultra": "[Display]\rbEnableVsync=0\r\n",
      "high": "[Display]\rbEnableVsync=0\r\n",
      "medium": "[Display]\rbEnableVsync=0\r\n",
      "low": "[Display]\rbEnableVsync=1\r\n"
    },
    "OblivionRemastered": {
      "ultra": "[SystemSettings]\rt.MaxFPS={FPS}\r\nr.VSync=0\r\n",
      "high": "[SystemSettings]\rt.MaxFPS={FPS}\r\nr.VSync=0\r\n",
      "medium": "[SystemSettings]\rt.MaxFPS={FPS}\r\nr.VSync=0\r\n",
      "low": "[SystemSettings]\rt.MaxFPS=60\r\nr.VSync=1\r\n"
    }
  }
}