{
  "version": "2025.08",
  "gpus": [
    {
      "patterns": [
        "GEFORCE 8800",
        "9800"
      ],
      "vendor": "NVIDIA",
      "family": "Tesla",
      "tier": "low",
      "score": 200,
      "vram_min_gb": 0
    },
    {
      "patterns": [
        "GTX 260",
        "GTX 275",
        "GTX 280",
        "GTX 285"
      ],
      "vendor": "NVIDIA",
      "family": "GT200",
      "tier": "low",
      "score": 220
    },
    {
      "patterns": [
        "GTX 460",
        "GTX 470",
        "GTX 480"
      ],
      "vendor": "NVIDIA",
      "family": "Fermi 400",
      "tier": "low",
      "score": 240
    },
    {
      "patterns": [
        "GTX 560",
        "GTX 570",
        "GTX 580"
      ],
      "vendor": "NVIDIA",
      "family": "Fermi 500",
      "tier": "low",
      "score": 260
    },
    {
      "patterns": [
        "GTX 650",
        "GTX 660",
        "GTX 670",
        "GTX 680",
        "GTX 690"
      ],
      "vendor": "NVIDIA",
      "family": "Kepler 600",
      "tier": "medium",
      "score": 300
    },
    {
      "patterns": [
        "GTX 750",
        "GTX 750 TI"
      ],
      "vendor": "NVIDIA",
      "family": "Maxwell 1",
      "tier": "low",
      "score": 280
    },
    {
      "patterns": [
        "GTX 760",
        "GTX 770",
        "GTX 780",
        "GTX 780 TI",
        "GTX TITAN"
      ],
      "vendor": "NVIDIA",
      "family": "Kepler 700",
      "tier": "medium",
      "score": 320
    },
    {
      "patterns": [
        "GTX 950",
        "GTX 960",
        "GTX 970",
        "GTX 980",
        "GTX 980 TI",
        "TITAN X"
      ],
      "vendor": "NVIDIA",
      "family": "Maxwell 2 (900)",
      "tier": "medium",
      "score": 380
    },
    {
      "patterns": [
        "GTX 1050",
        "GTX 1050 TI"
      ],
      "vendor": "NVIDIA",
      "family": "Pascal 10",
      "tier": "low",
      "score": 350
    },
    {
      "patterns": [
        "GTX 1060"
      ],
      "vendor": "NVIDIA",
      "family": "Pascal 10",
      "tier": "medium",
      "score": 420,
      "vram_min_gb": 6
    },
    {
      "patterns": [
        "GTX 1070",
        "GTX 1070 TI"
      ],
      "vendor": "NVIDIA",
      "family": "Pascal 10",
      "tier": "high",
      "score": 520
    },
    {
      "patterns": [
        "GTX 1080"
      ],
      "vendor": "NVIDIA",
      "family": "Pascal 10",
      "tier": "high",
      "score": 560
    },
    {
      "patterns": [
        "GTX 1080 TI",
        "TITAN X P",
        "TITAN Xp"
      ],
      "vendor": "NVIDIA",
      "family": "Pascal 10",
      "tier": "high",
      "score": 620
    },
    {
      "patterns": [
        "GTX 1630",
        "GTX 1650",
        "GTX 1660",
        "GTX 1660 TI",
        "GTX 1660 SUPER"
      ],
      "vendor": "NVIDIA",
      "family": "Turing 16",
      "tier": "medium",
      "score": 460
    },
    {
      "patterns": [
        "RTX 2060",
        "RTX 2060 SUPER"
      ],
      "vendor": "NVIDIA",
      "family": "Turing 20",
      "tier": "high",
      "score": 520
    },
    {
      "patterns": [
        "RTX 2070",
        "RTX 2070 SUPER"
      ],
      "vendor": "NVIDIA",
      "family": "Turing 20",
      "tier": "high",
      "score": 560
    },
    {
      "patterns": [
        "RTX 2080",
        "RTX 2080 SUPER"
      ],
      "vendor": "NVIDIA",
      "family": "Turing 20",
      "tier": "high",
      "score": 600
    },
    {
      "patterns": [
        "RTX 2080 TI",
        "TITAN RTX"
      ],
      "vendor": "NVIDIA",
      "family": "Turing 20",
      "tier": "ultra",
      "score": 650
    },
    {
      "patterns": [
        "RTX 3050"
      ],
      "vendor": "NVIDIA",
      "family": "Ampere 30",
      "tier": "medium",
      "score": 520
    },
    {
      "patterns": [
        "RTX 3060",
        "RTX 3060 TI"
      ],
      "vendor": "NVIDIA",
      "family": "Ampere 30",
      "tier": "high",
      "score": 620
    },
    {
      "patterns": [
        "RTX 3070",
        "RTX 3070 TI"
      ],
      "vendor": "NVIDIA",
      "family": "Ampere 30",
      "tier": "high",
      "score": 660
    },
    {
      "patterns": [
        "RTX 3080",
        "RTX 3080 TI"
      ],
      "vendor": "NVIDIA",
      "family": "Ampere 30",
      "tier": "ultra",
      "score": 720
    },
    {
      "patterns": [
        "RTX 3090",
        "RTX 3090 TI"
      ],
      "vendor": "NVIDIA",
      "family": "Ampere 30",
      "tier": "ultra",
      "score": 760
    },
    {
      "patterns": [
        "RTX 4060",
        "RTX 4060 TI"
      ],
      "vendor": "NVIDIA",
      "family": "Ada 40",
      "tier": "high",
      "score": 650
    },
    {
      "patterns": [
        "RTX 4070",
        "RTX 4070 SUPER",
        "RTX 4070 TI",
        "RTX 4070 TI SUPER"
      ],
      "vendor": "NVIDIA",
      "family": "Ada 40",
      "tier": "ultra",
      "score": 720
    },
    {
      "patterns": [
        "RTX 4080",
        "RTX 4080 SUPER"
      ],
      "vendor": "NVIDIA",
      "family": "Ada 40",
      "tier": "ultra",
      "score": 780
    },
    {
      "patterns": [
        "RTX 4090"
      ],
      "vendor": "NVIDIA",
      "family": "Ada 40",
      "tier": "ultra",
      "score": 850,
      "vram_min_gb": 24
    },
    {
      "patterns": [
        "ARC A380"
      ],
      "vendor": "Intel",
      "family": "Arc Alchemist",
      "tier": "medium",
      "score": 480
    },
    {
      "patterns": [
        "ARC A750"
      ],
      "vendor": "Intel",
      "family": "Arc Alchemist",
      "tier": "high",
      "score": 580
    },
    {
      "patterns": [
        "ARC A770"
      ],
      "vendor": "Intel",
      "family": "Arc Alchemist",
      "tier": "high",
      "score": 620
    },
    {
      "patterns": [
        "IRIS XE"
      ],
      "vendor": "Intel",
      "family": "iGPU",
      "tier": "low",
      "score": 320
    },
    {
      "patterns": [
        "UHD GRAPHICS 6",
        "UHD GRAPHICS 7"
      ],
      "vendor": "Intel",
      "family": "iGPU",
      "tier": "low",
      "score": 260
    },
    {
      "patterns": [
        "HD GRAPHICS 4",
        "HD GRAPHICS 5"
      ],
      "vendor": "Intel",
      "family": "iGPU",
      "tier": "low",
      "score": 200
    },
    {
      "patterns": [
        "HD 4850",
        "HD 4870",
        "HD 4890"
      ],
      "vendor": "AMD",
      "family": "TeraScale",
      "tier": "low",
      "score": 230
    },
    {
      "patterns": [
        "HD 5770",
        "HD 5870",
        "HD 5970"
      ],
      "vendor": "AMD",
      "family": "TeraScale 5/6",
      "tier": "low",
      "score": 260
    },
    {
      "patterns": [
        "HD 6850",
        "HD 6870",
        "HD 6970"
      ],
      "vendor": "AMD",
      "family": "TeraScale 6/7",
      "tier": "low",
      "score": 280
    },
    {
      "patterns": [
        "HD 7750",
        "HD 7870",
        "HD 7950",
        "HD 7970"
      ],
      "vendor": "AMD",
      "family": "GCN 1.0 (7000)",
      "tier": "medium",
      "score": 340
    },
    {
      "patterns": [
        "R9 270",
        "R9 280",
        "R9 280X",
        "R9 290",
        "R9 290X",
        "R9 295X2"
      ],
      "vendor": "AMD",
      "family": "GCN R9 200",
      "tier": "medium",
      "score": 380
    },
    {
      "patterns": [
        "R9 380",
        "R9 390",
        "R9 390X",
        "R9 FURY",
        "R9 NANO"
      ],
      "vendor": "AMD",
      "family": "GCN R9 300/Fury",
      "tier": "high",
      "score": 440
    },
    {
      "patterns": [
        "RX 460",
        "RX 470",
        "RX 480"
      ],
      "vendor": "AMD",
      "family": "Polaris RX 400",
      "tier": "medium",
      "score": 420
    },
    {
      "patterns": [
        "RX 560",
        "RX 570",
        "RX 580",
        "RX 590"
      ],
      "vendor": "AMD",
      "family": "Polaris RX 500",
      "tier": "medium",
      "score": 460
    },
    {
      "patterns": [
        "VEGA 56",
        "VEGA 64",
        "RADEON VII"
      ],
      "vendor": "AMD",
      "family": "Vega",
      "tier": "high",
      "score": 560
    },
    {
      "patterns": [
        "RX 5500 XT",
        "RX 5600 XT",
        "RX 5700",
        "RX 5700 XT"
      ],
      "vendor": "AMD",
      "family": "RDNA1 RX 5000",
      "tier": "high",
      "score": 600
    },
    {
      "patterns": [
        "RX 6500 XT",
        "RX 6600",
        "RX 6600 XT",
        "RX 6650 XT"
      ],
      "vendor": "AMD",
      "family": "RDNA2 RX 6000",
      "tier": "high",
      "score": 620
    },
    {
      "patterns": [
        "RX 6700",
        "RX 6700 XT",
        "RX 6750 XT"
      ],
      "vendor": "AMD",
      "family": "RDNA2 RX 6000",
      "tier": "high",
      "score": 650
    },
    {
      "patterns": [
        "RX 6800",
        "RX 6800 XT",
        "RX 6900 XT"
      ],
      "vendor": "AMD",
      "family": "RDNA2 RX 6000",
      "tier": "ultra",
      "score": 720
    },
    {
      "patterns": [
        "RX 7600",
        "RX 7600 XT"
      ],
      "vendor": "AMD",
      "family": "RDNA3 RX 7000",
      "tier": "high",
      "score": 640
    },
    {
      "patterns": [
        "RX 7700 XT",
        "RX 7800 XT"
      ],
      "vendor": "AMD",
      "family": "RDNA3 RX 7000",
      "tier": "ultra",
      "score": 700
    },
    {
      "patterns": [
        "RX 7900 GRE",
        "RX 7900 XT",
        "RX 7900 XTX"
      ],
      "vendor": "AMD",
      "family": "RDNA3 RX 7000",
      "tier": "ultra",
      "score": 780
    },
    {
      "patterns": [
        "RADEON 780M",
        "RADEON 680M",
        "VEGA 8",
        "VEGA 11"
      ],
      "vendor": "AMD",
      "family": "APU iGPU",
      "tier": "low",
      "score": 340
    },
    {
      "patterns": [
        "RTX 5050"
      ],
      "vendor": "NVIDIA",
      "family": "Blackwell 50",
      "tier": "high",
      "score": 700
    },
    {
      "patterns": [
        "RTX 5060",
        "RTX 5060 TI"
      ],
      "vendor": "NVIDIA",
      "family": "Blackwell 50",
      "tier": "high",
      "score": 720
    },
    {
      "patterns": [
        "RTX 5070",
        "RTX 5070 TI"
      ],
      "vendor": "NVIDIA",
      "family": "Blackwell 50",
      "tier": "ultra",
      "score": 760
    },
    {
      "patterns": [
        "RTX 5080"
      ],
      "vendor": "NVIDIA",
      "family": "Blackwell 50",
      "tier": "ultra",
      "score": 800
    },
    {
      "patterns": [
        "RTX 5090"
      ],
      "vendor": "NVIDIA",
      "family": "Blackwell 50",
      "tier": "ultra",
      "score": 860
    },
    {
      "patterns": [
        "RX 8500",
        "RX 8500 XT"
      ],
      "vendor": "AMD",
      "family": "RDNA4 RX 8000",
      "tier": "medium",
      "score": 560
    },
    {
      "patterns": [
        "RX 8600",
        "RX 8600 XT"
      ],
      "vendor": "AMD",
      "family": "RDNA4 RX 8000",
      "tier": "high",
      "score": 620
    },
    {
      "patterns": [
        "RX 8700",
        "RX 8700 XT"
      ],
      "vendor": "AMD",
      "family": "RDNA4 RX 8000",
      "tier": "high",
      "score": 660
    },
    {
      "patterns": [
        "RX 8800",
        "RX 8800 XT"
      ],
      "vendor": "AMD",
      "family": "RDNA4 RX 8000",
      "tier": "ultra",
      "score": 720
    },
    {
      "patterns": [
        "ARC B550",
        "ARC B570",
        "ARC B770"
      ],
      "vendor": "Intel",
      "family": "Arc Battlemage",
      "tier": "high",
      "score": 640
    },
    {
      "patterns": [
        "ARC C770",
        "ARC C780"
      ],
      "vendor": "Intel",
      "family": "Arc Celestial",
      "tier": "ultra",
      "score": 720
    }
  ],
  "cpus": [
    {
      "patterns": [
        "CORE2 DUO",
        "CORE2 QUAD"
      ],
      "vendor": "Intel",
      "tier": "low",
      "score": 100,
      "cores_min": 2
    },
    {
      "patterns": [
        "I3-2",
        "I5-2",
        "I7-2"
      ],
      "vendor": "Intel",
      "family": "Sandy Bridge",
      "tier": "medium",
      "score": 220,
      "cores_min": 4
    },
    {
      "patterns": [
        "I3-3",
        "I5-3",
        "I7-3"
      ],
      "vendor": "Intel",
      "family": "Ivy Bridge",
      "tier": "medium",
      "score": 240,
      "cores_min": 4
    },
    {
      "patterns": [
        "I3-4",
        "I5-4",
        "I7-4"
      ],
      "vendor": "Intel",
      "family": "Haswell",
      "tier": "medium",
      "score": 260,
      "cores_min": 4
    },
    {
      "patterns": [
        "I5-6",
        "I7-6"
      ],
      "vendor": "Intel",
      "family": "Skylake",
      "tier": "medium",
      "score": 300,
      "cores_min": 4
    },
    {
      "patterns": [
        "I7-7700",
        "I5-7600",
        "I3-7"
      ],
      "vendor": "Intel",
      "family": "Kaby Lake",
      "tier": "medium",
      "score": 320,
      "cores_min": 4
    },
    {
      "patterns": [
        "I3-8",
        "I5-8",
        "I7-8"
      ],
      "vendor": "Intel",
      "family": "Coffee Lake",
      "tier": "high",
      "score": 360,
      "cores_min": 6
    },
    {
      "patterns": [
        "I5-9",
        "I7-9",
        "I9-9"
      ],
      "vendor": "Intel",
      "family": "Coffee Lake Refresh",
      "tier": "high",
      "score": 380,
      "cores_min": 8
    },
    {
      "patterns": [
        "I5-10",
        "I7-10",
        "I9-10"
      ],
      "vendor": "Intel",
      "family": "Comet/Rocket Lake",
      "tier": "high",
      "score": 400,
      "cores_min": 8
    },
    {
      "patterns": [
        "I5-11",
        "I7-11",
        "I9-11"
      ],
      "vendor": "Intel",
      "family": "Rocket Lake",
      "tier": "high",
      "score": 420,
      "cores_min": 8
    },
    {
      "patterns": [
        "I5-12",
        "I7-12",
        "I9-12"
      ],
      "vendor": "Intel",
      "family": "Alder Lake",
      "tier": "ultra",
      "score": 520,
      "cores_min": 10
    },
    {
      "patterns": [
        "I5-13",
        "I7-13",
        "I9-13"
      ],
      "vendor": "Intel",
      "family": "Raptor Lake",
      "tier": "ultra",
      "score": 560,
      "cores_min": 12
    },
    {
      "patterns": [
        "I5-14",
        "I7-14",
        "I9-14"
      ],
      "vendor": "Intel",
      "family": "Raptor Lake Refresh",
      "tier": "ultra",
      "score": 580,
      "cores_min": 12
    },
    {
      "patterns": [
        "PHENOM II X4",
        "PHENOM II X6"
      ],
      "vendor": "AMD",
      "tier": "low",
      "score": 140,
      "cores_min": 4
    },
    {
      "patterns": [
        "FX-8",
        "FX 8",
        "FX-9"
      ],
      "vendor": "AMD",
      "family": "Bulldozer/Piledriver",
      "tier": "medium",
      "score": 220,
      "cores_min": 8
    },
    {
      "patterns": [
        "RYZEN 3 1",
        "RYZEN 5 1",
        "RYZEN 7 1"
      ],
      "vendor": "AMD",
      "family": "Zen 1xxx",
      "tier": "high",
      "score": 320,
      "cores_min": 4
    },
    {
      "patterns": [
        "RYZEN 3 2",
        "RYZEN 5 2",
        "RYZEN 7 2"
      ],
      "vendor": "AMD",
      "family": "Zen+ 2xxx",
      "tier": "high",
      "score": 340,
      "cores_min": 4
    },
    {
      "patterns": [
        "RYZEN 5 3",
        "RYZEN 7 3",
        "RYZEN 9 3"
      ],
      "vendor": "AMD",
      "family": "Zen2 3xxx",
      "tier": "high",
      "score": 420,
      "cores_min": 6
    },
    {
      "patterns": [
        "RYZEN 5 5",
        "RYZEN 7 5",
        "RYZEN 9 5"
      ],
      "vendor": "AMD",
      "family": "Zen3 5xxx",
      "tier": "ultra",
      "score": 520,
      "cores_min": 6
    },
    {
      "patterns": [
        "RYZEN 5 7",
        "RYZEN 7 7",
        "RYZEN 9 7"
      ],
      "vendor": "AMD",
      "family": "Zen4 7xxx",
      "tier": "ultra",
      "score": 580,
      "cores_min": 6
    },
    {
      "patterns": [
        "RYZEN 7 8",
        "RYZEN 9 8"
      ],
      "vendor": "AMD",
      "family": "Zen4 8xxx (APU)",
      "tier": "high",
      "score": 520,
      "cores_min": 8
    },
    {
      "patterns": [
        "I7-4",
        "I7-5U",
        "I7-6U",
        "I5-6U",
        "I7-8U",
        "I5-8U"
      ],
      "vendor": "Intel",
      "family": "Mobile pre-10th",
      "tier": "medium",
      "score": 280,
      "cores_min": 2
    },
    {
      "patterns": [
        "I7-10",
        "I5-10U",
        "I7-11",
        "I5-11"
      ],
      "vendor": "Intel",
      "family": "Mobile 10th/11th",
      "tier": "high",
      "score": 360,
      "cores_min": 4
    },
    {
      "patterns": [
        "I7-12",
        "I5-12",
        "I7-13",
        "I5-13"
      ],
      "vendor": "Intel",
      "family": "Mobile 12th/13th",
      "tier": "high",
      "score": 420,
      "cores_min": 8
    },
    {
      "patterns": [
        "I5-15",
        "I7-15",
        "I9-15"
      ],
      "vendor": "Intel",
      "family": "Arrow Lake",
      "tier": "ultra",
      "score": 600,
      "cores_min": 12
    },
    {
      "patterns": [
        "RYZEN 5 9",
        "RYZEN 7 9",
        "RYZEN 9 9"
      ],
      "vendor": "AMD",
      "family": "Zen5 9xxx",
      "tier": "ultra",
      "score": 620,
      "cores_min": 8
    }
  ],
  "ram_rules": [
    {
      "ram_gb_min": 64,
      "tier_floor": "ultra"
    },
    {
      "ram_gb_min": 32,
      "tier_floor": "high"
    },
    {
      "ram_gb_min": 16,
      "tier_floor": "medium"
    },
    {
      "ram_gb_min": 8,
      "tier_floor": "low"
    }
  ],
  "monitors": [
    {
      "hz_min": 240,
      "fps_cap": 240
    },
    {
      "hz_min": 170,
      "fps_cap": 165
    },
    {
      "hz_min": 144,
      "fps_cap": 144
    },
    {
      "hz_min": 120,
      "fps_cap": 120
    },
    {
      "hz_min": 90,
      "fps_cap": 90
    },
    {
      "hz_min": 60,
      "fps_cap": 60
    }
  ],
  "game_profiles": {
    "Skyrim": {
      "ultra": "[Display]\riPresentInterval=0\r\nfMaxFramerate={FPS}.0000\r\n",
      "high": "[Display]\riPresentInterval=0\r\nfMaxFramerate={FPS}.0000\r\n",
      "medium": "[Display]\riPresentInterval=0\r\nfMaxFramerate={FPS}.0000\r\n",
      "low": "[Display]\riPresentInterval=1\r\nfMaxFramerate=60.0000\r\n"
    },
    "Fallout4": {
      "ultra": "[Display]\riPresentInterval=0\r\n[General]\riFPSClamp={FPS}\r\n",
      "high": "[Display]\riPresentInterval=0\r\n[General]\riFPSClamp={FPS}\r\n",
      "medium": "[Display]\riPresentInterval=0\r\n[General]\riFPSClamp={FPS}\r\n",
      "low": "[Display]\riPresentInterval=1\r\n[General]\riFPSClamp=60\r\n"
    },
    "Starfield": {
      "ultra": "[Display]\rbEnableVsync=0\r\n",
      "high": "[Display]\rbEnableVsync=0\r\n",
      "medium": "[Display]\rbEnableVsync=0\r\n",
      "low": "[Display]\rbEnableVsync=1\r\n"
    },
    "OblivionRemastered": {
      "ultra": "[SystemSettings]\rt.MaxFPS={FPS}\r\nr.VSync=0\r\n",
      "high": "[SystemSettings]\rt.MaxFPS={FPS}\r\nr.VSync=0\r\n",
      "medium": "[SystemSettings]\rt.MaxFPS={FPS}\r\nr.VSync=0\r\n",
      "low": "[SystemSettings]\rt.MaxFPS=60\r\nr.VSync=1\r\n"
    }
  }
}